{
  "none": {
    "x": {
      "n_episodes": 10,
      "final_err_mean": 0.16245190610538632,
      "final_err_std": 0.002762755062030411,
      "final_err_median": 0.16301221698577306,
      "success_rate_5cm": 0.0,
      "success_rate_10cm": 0.0
    },
    "y": {
      "n_episodes": 10,
      "final_err_mean": 0.09286474055566385,
      "final_err_std": 0.0023266654096246392,
      "final_err_median": 0.09306822013786996,
      "success_rate_5cm": 0.0,
      "success_rate_10cm": 1.0
    },
    "z": {
      "n_episodes": 10,
      "final_err_mean": 0.141365060139315,
      "final_err_std": 0.0368992962952663,
      "final_err_median": 0.12221076259421695,
      "success_rate_5cm": 0.0,
      "success_rate_10cm": 0.0
    },
    "overall": {
      "n_episodes": 30,
      "final_err_mean": 0.1322272356001217,
      "final_err_std": 0.03612039441911538,
      "success_rate_5cm": 0.0,
      "success_rate_10cm": 0.3333333333333333
    }
  },
  "mean": {
    "x": {
      "n_episodes": 10,
      "final_err_mean": 0.44340106535726276,
      "final_err_std": 0.029390997389893737,
      "final_err_median": 0.44873472341135895,
      "success_rate_5cm": 0.0,
      "success_rate_10cm": 0.0
    },
    "y": {
      "n_episodes": 10,
      "final_err_mean": 0.0935338416579963,
      "final_err_std": 0.0032994406919077913,
      "final_err_median": 0.09290024357742185,
      "success_rate_5cm": 0.0,
      "success_rate_10cm": 1.0
    },
    "z": {
      "n_episodes": 10,
      "final_err_mean": 0.193977540023147,
      "final_err_std": 0.04354184750771697,
      "final_err_median": 0.18222943635433775,
      "success_rate_5cm": 0.0,
      "success_rate_10cm": 0.0
    },
    "overall": {
      "n_episodes": 30,
      "final_err_mean": 0.24363748234613533,
      "final_err_std": 0.1524469952945249,
      "success_rate_5cm": 0.0,
      "success_rate_10cm": 0.3333333333333333
    }
  },
  "coral": {
    "x": {
      "n_episodes": 10,
      "final_err_mean": 0.3031221707711238,
      "final_err_std": 0.04253256009214705,
      "final_err_median": 0.30252823209505697,
      "success_rate_5cm": 0.0,
      "success_rate_10cm": 0.0
    },
    "y": {
      "n_episodes": 10,
      "final_err_mean": 0.24904985723861692,
      "final_err_std": 0.1076090462612148,
      "final_err_median": 0.2572500044322737,
      "success_rate_5cm": 0.1,
      "success_rate_10cm": 0.1
    },
    "z": {
      "n_episodes": 10,
      "final_err_mean": 0.5490294558968556,
      "final_err_std": 0.06694205999499868,
      "final_err_median": 0.5448629915194951,
      "success_rate_5cm": 0.0,
      "success_rate_10cm": 0.0
    },
    "overall": {
      "n_episodes": 30,
      "final_err_mean": 0.3670671613021987,
      "final_err_std": 0.1522365343550449,
      "success_rate_5cm": 0.03333333333333333,
      "success_rate_10cm": 0.03333333333333333
    }
  }
}