{"_step":1,"iteration":10,"epoch":1,"timing/data_ms":1.8918514251708984,"train/jloss":0.3348469138145447,"train/weight_decay":0.04,"train/sloss":0.3393549919128418,"timing/iter_ms":1243.0214881896973,"_wandb":{"runtime":36},"_runtime":36,"timing/gpu_ms":1240.2010498046875,"train/loss_avg":0.7136485197327354,"train/lr":2.0586666666666667e-05,"train/loss":0.6742019057273865,"_timestamp":1.766334160770382e+09}