{"iteration":250,"epoch":2,"train/loss_avg":0.5606979347795129,"_timestamp":1.766334924814378e+09,"timing/gpu_ms":1173.8397216796875,"_step":56,"train/loss":0.5450403690338135,"train/weight_decay":0.04,"timing/iter_ms":1174.856424331665,"train/sloss":0.26793307065963745,"_runtime":737,"train/lr":4.938666666666667e-05,"train/jloss":0.277107298374176,"_wandb":{"runtime":737},"timing/data_ms":0.08916854858398438}