{"timing/gpu_ms":1497.887939453125,"timing/data_ms":734.2205047607422,"epoch":2,"train/sloss":0.28243061900138855,"train/weight_decay":0.04,"iteration":40,"train/loss":0.5709357261657715,"timing/iter_ms":2233.40106010437,"_timestamp":1.7663350064903762e+09,"train/loss_avg":0.5703745571578421,"_runtime":72,"_wandb":{"runtime":72},"train/lr":3.818666666666667e-05,"train/jloss":0.28850510716438293,"_step":4}