{
  "epsilon": 0.001,
  "n_fit": 800,
  "n_val": 200,
  "embedding_dim": 1408,
  "mean_offset_norm": 10.149806022644043,
  "validation": {
    "mean_error": {
      "raw": 10.097429275512695,
      "mean_aligned": 0.40961018204689026,
      "coral_aligned": 0.6522544622421265
    },
    "cov_error_relative": {
      "raw": 0.987066952979462,
      "mean_aligned": 0.9870669531265586,
      "coral_aligned": 0.38176845937381754
    },
    "pairwise_dist_to_droid": {
      "raw": 13.263444900512695,
      "mean_aligned": 8.659070014953613,
      "coral_aligned": 11.054600715637207
    }
  },
  "cov_stats": {
    "trace_droid": 63.262028913618835,
    "trace_sim": 10.60758605577847,
    "min_eig_droid": -5.591400673490194e-16,
    "max_eig_droid": 6.369389484463966,
    "min_eig_sim": -2.7830870274854623e-16,
    "max_eig_sim": 2.832125184244009
  },
  "method": "CORAL (whitening-coloring)"
}