{"train/jloss":0.22537115216255188,"timing/iter_ms":1123.8508224487305,"train/weight_decay":0.04,"train/loss":0.45498788356781006,"timing/gpu_ms":1122.846435546875,"train/sloss":0.22961673140525818,"train/loss_avg":0.46377684573332467,"val/sloss":0.2476170390844345,"_runtime":14321,"epoch":38,"iteration":299,"val/loss":0.5047018021345139,"timing/data_ms":0.08988380432128906,"_wandb":{"runtime":14321},"_timestamp":1.7663599641816256e+09,"train/lr":0.0001,"_step":1215,"val/jloss":0.2570847667753696,"val/best_loss":0.49602325409650805}