{"epoch":37,"val/sloss":0.40094479769468305,"iteration":140,"val/best_loss":0.7452568024396896,"train/jloss":0.19125042855739594,"_runtime":13752,"train/loss_avg":0.4060056353291721,"_step":1137,"val/loss":0.8002137959003448,"val/jloss":0.3992689996957779,"train/sloss":0.20650756359100342,"timing/data_ms":609.412431716919,"_wandb":{"runtime":13752},"train/lr":0.0001,"timing/gpu_ms":1223.3223876953125,"_timestamp":1.7663267378335254e+09,"train/loss":0.39775800704956055,"train/weight_decay":0.04,"timing/iter_ms":1833.4546089172363}