{"_step":1279,"train/weight_decay":0.04,"val/jloss":0.24803483113646507,"val/sloss":0.24296020716428757,"_runtime":14640,"timing/data_ms":0.10037422180175781,"val/best_loss":0.49023045897483825,"epoch":40,"iteration":299,"train/loss_avg":0.48469843397537865,"_timestamp":1.7663884830568776e+09,"timing/gpu_ms":1123.47998046875,"val/loss":0.4909950390458107,"train/loss":0.48014700412750244,"train/jloss":0.2430778592824936,"timing/iter_ms":1124.4876384735107,"train/sloss":0.23706912994384766,"_wandb":{"runtime":14640},"train/lr":0.0001}