{"train/sloss":0.3301914632320404,"timing/iter_ms":2697.0813274383545,"epoch":1,"_step":3,"iteration":30,"_timestamp":1.7663129970096912e+09,"train/loss_avg":0.6832631134217785,"train/lr":2.1653333333333335e-05,"timing/data_ms":0.1251697540283203,"_runtime":164,"train/loss":0.6597000360488892,"train/weight_decay":0.04,"train/jloss":0.32950854301452637,"timing/gpu_ms":2696.03662109375,"_wandb":{"runtime":164}}