{
  "phase1_ik_distances": [
    [
      0.04472561551011937
    ]
  ],
  "phase3_vjepa_distances": [
    [
      0.20327322821653293,
      0.14284416907871147,
      0.10437819673039883,
      0.10095785947672739,
      0.12340870820135848
    ]
  ],
  "phase1_final_distance": [
    0.04472561551011937
  ],
  "phase3_final_distance": [
    0.12340870820135848
  ],
  "target_positions": [
    [
      0.21002310134256222,
      0.34463998813378555,
      0.9911015973366575
    ]
  ],
  "episode_ids": [
    0
  ]
}