{"_wandb":{"runtime":13862},"train/lr":0.0001,"train/jloss":0.23724764585494995,"_timestamp":1.7663738349585872e+09,"val/best_loss":0.4924680158495903,"iteration":299,"timing/data_ms":0.08916854858398438,"timing/gpu_ms":1123.398193359375,"_step":1215,"train/loss":0.4697837233543396,"epoch":38,"val/sloss":0.2441485457122326,"train/weight_decay":0.04,"_runtime":13862,"val/jloss":0.2512944445014,"val/loss":0.4954429894685745,"timing/iter_ms":1124.4056224822998,"train/loss_avg":0.4806767850120862,"train/sloss":0.23253606259822845}