{"timing/iter_ms":1244.6379661560059,"train/loss_avg":0.5434758635292276,"train/jloss":0.2686472535133362,"val/sloss":0.27136881798505785,"_wandb":{"runtime":1011},"train/loss":0.5273526906967163,"iteration":170,"epoch":3,"val/jloss":0.277868764102459,"timing/data_ms":0.12040138244628906,"val/best_loss":0.5731183916330338,"val/loss":0.5492375761270523,"_timestamp":1.766336028383991e+09,"train/weight_decay":0.04,"timing/gpu_ms":1243.6123046875,"train/lr":6.112000000000001e-05,"_step":81,"train/sloss":0.25870540738105774,"_runtime":1011}