{"val/best_loss":0.5060271605849266,"val/loss":0.5137003809213638,"_step":767,"train/jloss":0.21955497562885284,"val/jloss":0.26254973858594893,"train/lr":0.0001,"iteration":299,"timing/iter_ms":1248.528242111206,"val/sloss":0.25115063413977623,"train/weight_decay":0.04,"train/loss_avg":0.4562149602174759,"_timestamp":1.7663456339373937e+09,"timing/data_ms":0.11301040649414062,"_wandb":{"runtime":9580},"epoch":24,"train/loss":0.4514121115207672,"_runtime":9580,"train/sloss":0.23185713589191437,"timing/gpu_ms":1247.481689453125}